# id	Korean name; Japanese original is authoritative. ID 21 is player-named and excluded.
0	다크 히어로
1	Y.H.V.H
2	사탄
3	루시퍼
4	베엘제붑
5	아스타로트
6	미트라
7	몰록
8	벨리알
9	아스모다이
10	바엘
11	파즈스
12	아수라
13	벨페고르
14	게리온
15	세트
16	로키
17	크로노스
18	에키드나
19	맘몬
20	아리오크
22	발람
23	사르가타나스
24	티아마트
25	레비아탄
26	니드호그
27	브리트라
28	히드라
29	펜리르
30	티폰
31	아폴리온
32	스킬라
33	바실리스크
34	만티코어
35	와이번
36	랑다
37	타마모노마에
38	볼보
39	메두사
40	라룽
41	나아스
42	키요히메
43	아라크네
44	타라가
45	세이렌
46	푸리아이
47	사워바쿠
48	추르룩
49	서큐버스
50	암두시아스
51	팬텀
52	레오나르드
53	라르바
54	네비로스
55	레무레스
56	기리메칼라
57	우투쿠
58	하쿠마부토
59	듀라한
60	베타라
61	리치
62	비파법사
63	머드맨
64	노스페라투
65	와이트
66	파프니르
67	울름
68	볼라크
69	도돈고
70	라돈
71	누에
72	훔바바
73	코카트리스
74	오로바스
75	가름
76	재버워크
77	와이엄
78	데드 로브스터
79	아자젤
80	에킴무
81	베리스
82	플뢰레티
83	스톤 골렘
84	사이클롭스
85	아임
86	클레이 골렘
87	미노타우로스
88	버그베어
89	웬디고
90	오크
91	탈로스
92	GDR1000
93	LB-501A
94	스파르토이
95	스펙터
96	우피리
97	피샤차
98	촌촌
99	사카사쿠비
100	바디코니언
101	코프스
102	구울
103	좀비
104	인텔리페리
105	레드럼
106	비메
107	닥터 바쿠타
108	정키
109	어새신
110	뮤턴트
111	파계승
112	프라이데이
113	하이웨이 스타
114	메탈
115	킨즈 헤드
116	펑크스
117	드림 키스
118	잭 오 랜턴
119	백베어드
120	본 골렘
121	골드 슬라임
122	맨이터
123	쿠라베비
124	아스코모이드
125	크랩 슬라임
126	윌오위스프
127	그린 슬라임
128	트롤
129	레그바
130	보글
131	루살카
132	켈라이노
133	아엘로
134	오키페테
135	아프사라스
136	켈피
137	메로우
138	엘프
139	고블린
140	하피
141	픽시
142	우펠루리
143	자이언트
144	살레오스
145	아틀라스
146	츠치구모
147	탄키
148	부카부
149	드워프
150	코볼트
151	코론존
152	오니
153	메피스토
154	푸르쉬키
155	메즈키
156	지니
157	고즈키
158	아라하바키
159	시트리
160	모무노후
161	가프
162	카완차
163	포르네우스
164	키마리스
165	카벙클
166	백룡
167	키마이라
168	구미호
169	케르베로스
170	그리폰
171	야타가라스
172	탐무즈
173	스톤카
174	오르트로스
175	페가수스
176	소드 나이트
177	완드 나이트
178	그레모리
179	발키리
180	후리
181	한냐
182	아미
183	오오나무치
184	컵 나이트
185	모르간
186	쿠시나다히메
187	잭 프로스트
188	디스크 나이트
189	네코마타
190	켄타우로스
191	코아틀리쿠에
192	샐러맨더
193	라케
194	베파르
195	운디네
196	실프
197	노움
198	플레임 슬라임
199	아쿠안 슬라임
200	에어리 슬라임
201	어시 슬라임
202	피닉스
203	라크차랑고
204	파빌사그
205	케찰코아틀
206	현무
207	유니콘
208	간다르바
209	기린
210	하누만
211	풀카로스
212	아가레스
213	키쿠리히메
214	락슈미
215	라미아
216	담발라
217	바포멧
218	쿠 훌린
219	킨나라
220	엘리고르
221	에이와스
222	우코바크
223	알라우네
224	미카엘
225	가브리엘
226	니케
227	케루빔
228	라파엘
229	우리엘
230	칼리
231	아몬
232	토르
233	가네샤
234	다문천
235	스사노오
236	이프리트
237	지국천
238	락샤사
239	광목천
240	증장천
241	청룡
242	가루다
243	바롱
244	스핑크스
245	나가
246	루시퍼
247	시바
248	아후라 마즈다
249	바알
250	비슈누
251	오딘
252	브라흐만
