# Japanese source: original item pointer table 3810, IDs 128..218.
0	발터 PPK
1	발터 PPK
128	보옥
129	포이즈논
130	파라라논
131	페트라논
132	아기온 스톤
133	지오론 스톤
134	부흐라오 스톤
135	아기다이 스톤
136	지오다이 스톤
137	수류탄
138	미사일 런처
139	한만 참
140	위험한 약
141	축시의 인형
142	미아레 방울
143	포이즌 다트
144	와갸나이저
145	비상구
146	번개과자
147	악마 통조림
148	코어 실드
149	시식의 영약
150	머슬 드링크
151	마력의 근원
152	소마
153	체력의 향
154	지력의 향
155	공격의 향
156	민첩의 향
157	행운의 향
158	메탈 카드
159	메탈 카드
160	자수정
161	아쿠아마린
162	에메랄드
163	미아라카 반지
164	파즈스의 머리
165	아나미란
166	아나미란
167	아나미란
168	아나미란
169	아나미란
170	스즈키의 명함
171	스즈키의 명함
172	진미 디너
173	진미 디너
174	진미 디너
175	진미 디너
176	스태미나 정식
177	UMA 디너
178	유카리스트
179	고저스 세트
180	역십자
181	고요의 구슬
182	고요의 구슬
183	고요의 구슬
184	고요의 구슬
185	고요의 구슬
186	고요의 구슬
187	고요의 구슬
188	고요의 구슬
189	고요의 구슬
190	고요의 구슬
191	고요의 구슬
192	고요의 구슬
193	불의 부적
194	물의 부적
195	바람의 부적
196	땅의 부적
197	바엘의 발톱
198	태양의 기둥
199	달의 기둥
200	수성의 기둥
201	금성의 기둥
202	화성의 기둥
203	목성의 기둥
204	토성의 기둥
205	아미다리키
206	탄식의 구슬
207	광기의 구슬
208	분노의 구슬
209	미혹의 구슬
210	공포의 구슬
211	타락의 구슬
212	희망의 구슬
213	솔로몬의 반지
214	탑의 열쇠
215	미아라카 반지
216	미아라카의 돌
217	반혼향
218	시오미츠타마
