# MT2 spell names, transliterated from the Japanese table in Darrman.
0	아기
1	아기마
2	아기온
3	아기라
4	아기라마
5	아기라온
6	아기다인
7	부흐
8	부흐라마
9	부흐라온
10	부흐다인
11	지오
12	지오마
13	지오론
14	지오라
15	지오라마
16	지오라온
17	지오다인
18	한마
19	하마온
20	한마한
21	하마다인
22	잔
23	잔마
24	잔마온
25	잔다인
26	무드
27	무드온
28	무드한마
29	도르민
30	도르미나르
31	시바부
32	마시바부라
33	프린파
34	하피루마
35	마린카린
36	텐타라후
37	라쿤다
38	타루카쟈
39	라쿠카쟈
40	타룬다
41	테트라쟈
42	마카쟈마
43	디
44	디아마
45	디아한
46	디아라한
47	메디
48	메디아마
49	메디아한
50	파트라
51	펜파트라
52	포즈무디
53	파라라디
54	페트라디
55	리캄
56	사마리캄
57	마카란다
58	마파라
59	트라스타르트
60	트란파
61	트라에스트
62	사바토마
